id_pokemon,nome_pokemon,nome_tipo,hp,attack,defense,speed,score,url_imagem
1,bulbasaur,grass,45,49,49,45,52.6,https://raw.githubusercontent.com/PokeAPI/sprites/master/sprites/pokemon/1.png
1,bulbasaur,poison,45,49,49,45,52.6,https://raw.githubusercontent.com/PokeAPI/sprites/master/sprites/pokemon/1.png
2,ivysaur,grass,60,62,63,60,66.9,https://raw.githubusercontent.com/PokeAPI/sprites/master/sprites/pokemon/2.png
2,ivysaur,poison,60,62,63,60,66.9,https://raw.githubusercontent.com/PokeAPI/sprites/master/sprites/pokemon/2.png
3,venusaur,grass,80,82,83,80,86.9,https://raw.githubusercontent.com/PokeAPI/sprites/master/sprites/pokemon/3.png
3,venusaur,poison,80,82,83,80,86.9,https://raw.githubusercontent.com/PokeAPI/sprites/master/sprites/pokemon/3.png
4,charmander,fire,39,52,43,65,53.8,https://raw.githubusercontent.com/PokeAPI/sprites/master/sprites/pokemon/4.png
5,charmeleon,fire,58,64,58,80,69.3,https://raw.githubusercontent.com/PokeAPI/sprites/master/sprites/pokemon/5.png
6,charizard,fire,78,84,78,100,91.1,https://raw.githubusercontent.com/PokeAPI/sprites/master/sprites/pokemon/6.png
6,charizard,flying,78,84,78,100,91.1,https://raw.githubusercontent.com/PokeAPI/sprites/master/sprites/pokemon/6.png
7,squirtle,water,44,48,65,43,50.3,https://raw.githubusercontent.com/PokeAPI/sprites/master/sprites/pokemon/7.png
8,wartortle,water,59,63,80,58,65.4,https://raw.githubusercontent.com/PokeAPI/sprites/master/sprites/pokemon/8.png
9,blastoise,water,79,83,100,78,85.9,https://raw.githubusercontent.com/PokeAPI/sprites/master/sprites/pokemon/9.png
10,caterpie,bug,45,30,35,45,32.0,https://raw.githubusercontent.com/PokeAPI/sprites/master/sprites/pokemon/10.png
11,metapod,bug,50,20,55,30,30.0,https://raw.githubusercontent.com/PokeAPI/sprites/master/sprites/pokemon/11.png
12,butterfree,bug,60,45,50,70,64.5,https://raw.githubusercontent.com/PokeAPI/sprites/master/sprites/pokemon/12.png
12,butterfree,flying,60,45,50,70,64.5,https://raw.githubusercontent.com/PokeAPI/sprites/master/sprites/pokemon/12.png
13,weedle,bug,40,35,30,50,33.5,https://raw.githubusercontent.com/PokeAPI/sprites/master/sprites/pokemon/13.png
13,weedle,poison,40,35,30,50,33.5,https://raw.githubusercontent.com/PokeAPI/sprites/master/sprites/pokemon/13.png
14,kakuna,bug,45,25,50,35,31.5,https://raw.githubusercontent.com/PokeAPI/sprites/master/sprites/pokemon/14.png
14,kakuna,poison,45,25,50,35,31.5,https://raw.githubusercontent.com/PokeAPI/sprites/master/sprites/pokemon/14.png
15,beedrill,bug,65,90,40,75,69.5,https://raw.githubusercontent.com/PokeAPI/sprites/master/sprites/pokemon/15.png
15,beedrill,poison,65,90,40,75,69.5,https://raw.githubusercontent.com/PokeAPI/sprites/master/sprites/pokemon/15.png
16,pidgey,normal,40,45,40,56,43.2,https://raw.githubusercontent.com/PokeAPI/sprites/master/sprites/pokemon/16.png
16,pidgey,flying,40,45,40,56,43.2,https://raw.githubusercontent.com/PokeAPI/sprites/master/sprites/pokemon/16.png
17,pidgeotto,normal,63,60,55,71,59.0,https://raw.githubusercontent.com/PokeAPI/sprites/master/sprites/pokemon/17.png
17,pidgeotto,flying,63,60,55,71,59.0,https://raw.githubusercontent.com/PokeAPI/sprites/master/sprites/pokemon/17.png
18,pidgeot,normal,83,80,75,101,81.0,https://raw.githubusercontent.com/PokeAPI/sprites/master/sprites/pokemon/18.png
18,pidgeot,flying,83,80,75,101,81.0,https://raw.githubusercontent.com/PokeAPI/sprites/master/sprites/pokemon/18.png
19,rattata,normal,30,56,35,72,46.2,https://raw.githubusercontent.com/PokeAPI/sprites/master/sprites/pokemon/19.png
20,raticate,normal,55,81,60,97,72.2,https://raw.githubusercontent.com/PokeAPI/sprites/master/sprites/pokemon/20.png
21,spearow,normal,40,60,30,70,48.3,https://raw.githubusercontent.com/PokeAPI/sprites/master/sprites/pokemon/21.png
21,spearow,flying,40,60,30,70,48.3,https://raw.githubusercontent.com/PokeAPI/sprites/master/sprites/pokemon/21.png
22,fearow,normal,65,90,65,100,78.3,https://raw.githubusercontent.com/PokeAPI/sprites/master/sprites/pokemon/22.png
22,fearow,flying,65,90,65,100,78.3,https://raw.githubusercontent.com/PokeAPI/sprites/master/sprites/pokemon/22.png
23,ekans,poison,35,60,44,55,50.3,https://raw.githubusercontent.com/PokeAPI/sprites/master/sprites/pokemon/23.png
24,arbok,poison,60,95,69,80,78.3,https://raw.githubusercontent.com/PokeAPI/sprites/master/sprites/pokemon/24.png
25,pikachu,electric,35,55,40,90,57.0,https://raw.githubusercontent.com/PokeAPI/sprites/master/sprites/pokemon/25.png
26,raichu,electric,60,90,55,110,86.5,https://raw.githubusercontent.com/PokeAPI/sprites/master/sprites/pokemon/26.png
27,sandshrew,ground,50,75,85,40,51.0,https://raw.githubusercontent.com/PokeAPI/sprites/master/sprites/pokemon/27.png
28,sandslash,ground,75,100,110,65,76.0,https://raw.githubusercontent.com/PokeAPI/sprites/master/sprites/pokemon/28.png
29,nidoran-f,poison,55,47,52,41,45.0,https://raw.githubusercontent.com/PokeAPI/sprites/master/sprites/pokemon/29.png
30,nidorina,poison,70,62,67,56,60.0,https://raw.githubusercontent.com/PokeAPI/sprites/master/sprites/pokemon/30.png
31,nidoqueen,poison,90,92,87,76,84.0,https://raw.githubusercontent.com/PokeAPI/sprites/master/sprites/pokemon/31.png
31,nidoqueen,ground,90,92,87,76,84.0,https://raw.githubusercontent.com/PokeAPI/sprites/master/sprites/pokemon/31.png
32,nidoran-m,poison,46,57,40,50,47.7,https://raw.githubusercontent.com/PokeAPI/sprites/master/sprites/pokemon/32.png
33,nidorino,poison,61,72,57,65,62.9,https://raw.githubusercontent.com/PokeAPI/sprites/master/sprites/pokemon/33.png
34,nidoking,poison,81,102,77,85,87.9,https://raw.githubusercontent.com/PokeAPI/sprites/master/sprites/pokemon/34.png
34,nidoking,ground,81,102,77,85,87.9,https://raw.githubusercontent.com/PokeAPI/sprites/master/sprites/pokemon/34.png
35,clefairy,fairy,70,45,48,35,50.8,https://raw.githubusercontent.com/PokeAPI/sprites/master/sprites/pokemon/35.png
36,clefable,fairy,95,70,73,60,77.8,https://raw.githubusercontent.com/PokeAPI/sprites/master/sprites/pokemon/36.png
37,vulpix,fire,38,41,40,65,49.6,https://raw.githubusercontent.com/PokeAPI/sprites/master/sprites/pokemon/37.png
38,ninetales,fire,73,76,75,100,83.8,https://raw.githubusercontent.com/PokeAPI/sprites/master/sprites/pokemon/38.png
39,jigglypuff,normal,115,45,20,20,42.5,https://raw.githubusercontent.com/PokeAPI/sprites/master/sprites/pokemon/39.png
39,jigglypuff,fairy,115,45,20,20,42.5,https://raw.githubusercontent.com/PokeAPI/sprites/master/sprites/pokemon/39.png
40,wigglytuff,normal,140,70,45,45,70.5,https://raw.githubusercontent.com/PokeAPI/sprites/master/sprites/pokemon/40.png
40,wigglytuff,fairy,140,70,45,45,70.5,https://raw.githubusercontent.com/PokeAPI/sprites/master/sprites/pokemon/40.png
